Etablissement,Siret,# adhérent,Conférence,UAI,Acronyme,Type de structure,Statut,Nom de marque,Type de formation,Commentaire,Campus
"Institut d'enseignement
  supérieur et de recherche en alimentation, santé animale, sciences
  agronomiques et de l'environnement",13000858400018,928,"CGE, CDEFI",0690193K,VetAgro Sup,EPSCP # Grand établissement,Public,,Ingénieur,,
"Université de
  Technologie de Troyes",19101060200032,861 ; 57,"CGE, CDEFI, FU",0101060Y,UTT,EPSCP,Public,,Ingénieur,,
"Université de
  Technologie de Compiègne",19601223100169,859 ; 49,"CGE, CDEFI, FU",0601223D,UTC,EPSCP,Public,,Ingénieur,,
"Université de
  Technologie Belfort-Montbéliard",19900356700013,858 ; 24,"CGE, CDEFI, FU",0900424X,UTBM,EPSCP,Public,,Ingénieur,,
"Université Paul Sabatier, sciences,
  ingénierie et technologie",19311384200614, ,CDEFI,,UPSSITECH,,,,,,
"Université
  Paris Dauphine - PSL",19971585500011,886 ; 18,"CGE, FU",0750736T,Université Paris Dauphine - PSL,Grand établissement,Public,,Autre spécialité,,
Université des Antilles,19971585500011, ,CDEFI,,Université des Antilles,,,,,,
"Institut
  Polytechnique UniLaSalle",78050719000012,910,"CGE, CDEFI",0600071B,UniLaSalle,Association loi 1901 # EESPIG,Privé,,Ingénieur,,Amiens ; Rennes ; Rouen
"Ecole
  nationale supérieure des ingénieurs en arts chimiques et technologiques",19311381800143,706,"CGE, CDEFI",0312589W,Toulouse INP - ENSIACET,,Public,,Ingénieur,,
"Ecole
  nationale supérieure d'électrotechnique, d'électronique, d'informatique,
  d'hydraulique et des télécommunications",19311381800127,699 ; 12,"CGE, CDEFI, FU",0310120M,Toulouse INP - ENSEEIHT,,Public,,Ingénieur,,
"Ecole
  nationale de la météorologie",18006003000400,678,CGE,0312069F,Toulouse INP - ENM,EPA,Public,,Ingénieur,,
"Ecole
  d'ingénieurs de Purpan",77694414200012,654,CGE,0310154Z,Toulouse INP - EI Purpan,Association loi 1901 # EESPIG,Privé,,Ingénieur,,
"Ecole
  Nationale Supérieure Agronomique de Toulouse",19311381800127,688,"CGE, CDEFI",0310105W,Toulouse INP - AGROTOULOUSE,Public,,Ingénieur,,,
"Télécom
  SudParis",18009202500055,850,"CGE, CDEFI",0911781S,Télécom SudParis,EPSCP,Public,Télécom SudParis,Ingénieur,,
Télécom Saint-Étienne,93850168100069, ,CDEFI,,Télécom Saint-Étienne,,,,,,
"Télécom
  Physique Strasbourg",13000545700010,716 ; 69,"CGE, CDEFI, FU",0672380Y,Télécom Physique Strasbourg,Public,,Ingénieur,,,
TELECOM Paris,18009202500162,849,"CGE, CDEFI",0912407X,TELECOM Paris,EPA,Public,,Ingénieur,,
Télécom Nancy,39259811600029, ,CDEFI,,Télécom Nancy,,,,,,
"Toulouse
  Business School",81751739400018,744,CGE,0310156B,TBS Education,SAESC,EESC,TBS Education,Manager,,
"Institut
  Supérieur des Biotechnologies de Paris",89805695700019,971,CGE,0942193Y,SupBiotech,SA # Société à mission,Privé,SupBiotech,Ingénieur,,
École d'ingénieurs énergies renouvelables,19660437500010,20,"CDEFI, FU",,Sup'EnR,,,,,Universite de Perpignan ,
"Institut supérieur des biotechnologies de
  Paris",47962295300012, ,CDEFI,,Sup'Biotech,,,,,,
"SKEMA Business
  School",78370584100022,840,CGE,0590346F,SKEMA,Association loi 1901 # EESPIG,Privé,SKEMA Business School,Manager,,
SIGMA Clermont,13002191800045,906,"CGE, CDEFI",0632086A ,SIGMA Clermont,Autre (Ecole interne d'une école),Public,,Ingénieur,,
École d'ingénieurs de l'université de Toulon,19830766200157, ,CDEFI,,SeaTech,,,,,,
"Institut
  d'Etudes Politiques de Toulouse",19311386700025,936,CGE,0310133B,Sciences Po Toulouse,EPA,Public,Sciences Po Toulouse,Autre spécialité,,
"Sciences Po
  Saint-Germain-en-Laye",13002597600122,962,CGE,0783640H,Sciences Po Saint-Germain-en-Laye,EPA,Public,Sciences Po Saint-Germain-en-Laye,Autre spécialité,,
"Sciences Po
  Paris",19753431600017,912 ; 67,"CGE, FU",0753431X,Sciences Po Paris,EPSCP # Fondation,Public,,Autre spécialité,,
"Institut
  d'Etudes Politiques de Lyon",19690173000024,897,CGE,0690173N,Sciences Po Lyon,EPA,Public,,Autre spécialité,,
"Institut
  d'études politiques de Grenoble",19380134700017,940,"CGE, CDEFI",0380134P,Sciences Po Grenoble (IEP G),EPA,Public,,Autre spécialité,,
"Institut
  d'Etudes Politiques de Bordeaux - Sciences Po Bordeaux",19330192600039,933,CGE,0330192E,Sciences Po Bordeaux,EPA,Public,,Autre spécialité,,
"Institut
  d'Etudes Politiques d'Aix-en-Provence",19133346700014,921,CGE,0130221V,Sciences Po Aix,EPA,Public,,Autre spécialité,,
"South
  Champagne Business School - Ecole de management de Y SCHOOLS",52917534100013,745,CGE,0101059X,SCBS - Ecole de management de Y SCHOOLS,Association loi 1901 # EESPIG,Privé,SCBS,Manager,,
"Rennes School
  of Business",37832751400014,742,CGE,0352305R,Rennes SB,Association loi 1901 # EESPIG,Privé,Rennes School of Business,Manager,,
"Ecole
  polytechnique de l'université de Tours",19370800500478,836 ; 27,"CGE, CDEFI, FU",0371610Z,Polytech Tours,EPSCP,Public,,Ingénieur,,
École polytechnique de Sorbonne Université,13002338500011,974 ; 46,"CGE, CDEFI, FU",0755890V,Polytech Sorbonne,EPA,Public,Polytech Sorbonne,Ingénieur,,
"École polytechnique de l'université
  Paris-Saclay",19911568400011,948 ; 103,"CGE, CDEFI, FU",0911986P,Polytech Paris-Saclay,EPA,Public,Polytech Paris-Saclay,Ingénieur,,
"Ecole
  Polytechnique Universitaire (EPU) de l'université d'Orléans",19450855200446,835,"CGE, CDEFI",0451638L,Polytech Orléans,EPSCP,Public,,Ingénieur,,
"École polytechnique universitaire
  d’Université Côte d’Azur",13002566100013,82,"CDEFI, FU",,Polytech Nice Sophia,,,,,,
"Ecole
  polytechnique de l'université de Nantes",13002974700156,834,"CGE, CDEFI",0442409E,Polytech Nantes,EPSCP,Public,,Ingénieur,,
"Ecole
  polytechnique de l'Université de Lorraine",13001550600715,768,"CGE, CDEFI",0540130Y,Polytech Nancy,,Public,,Ingénieur,,
"Ecole
  polytechnique universitaire de Montpellier",13002979600237,833,"CGE, CDEFI",0341143H,Polytech Montpellier,EPSCP,Public,,Ingénieur,,
"Ecole
  Polytechnique Universitaire de Marseille",13001533200542,909,"CGE, CDEFI",0133489X,Polytech Marseille,EPSCP,Public,,Ingénieur,,
École polytechnique universitaire de Lyon,19691774400019,62,"CDEFI, FU",,Polytech Lyon,,,,,Universite Claude Bernard Lyon 1 ,
"Ecole
  polytechnique universitaire de Lille",13002975400012,832,"CGE, CDEFI",0596610P,Polytech Lille,EPSCP,Public,,Ingénieur,,
"Ecole
  polytechnique de l'Université Grenoble Alpes",19381912500306,877,"CGE, CDEFI",0382881A,Polytech Grenoble,,Public,,Ingénieur,,
"École supérieure d'ingénieurs de recherche en
  matériaux",93823061200351, ,CDEFI,,Polytech Dijon,,,,,,
"Clermont
  Auvergne INP - Polytech Clermont",19490970100287,831,CGE,0631383L,Polytech Clermont,EPSCP,Public,,Ingénieur,,
École polytechnique universitaire de Savoie,19730858800429, ,CDEFI,,Polytech Annecy-Chambéry,,,,,,
"Ecole
  Polytechnique Universitaire de l'Université d'Angers",93418913500015,922,"CGE, CDEFI",0492226D,Polytech Angers ,EPSCP,Public,,Ingénieur,,
"Paris School
  of Business",75253547600200,751,CGE,0753111Z ,Paris School of Business,SAS,Privé,Paris School of Business,Manager,,
École d'ingénieurs Paoli Tech,19202664900264, ,CDEFI,,Paoli Tech,,,,,,
"Oniris
  VetAgroBio",13000853500010,830,CGE,0441916U,Oniris VetAgroBio,EPSCP # Grand établissement,Public,Oniris VetAgroBio,Ingénieur,,
"NEOMA Business
  School - EESC",83429535400015,884,CGE,0760167U,NEOMA Business School - EESC,SAESC,EESC,NEOMA Business School,Manager,,
"Ecole
  nationale supérieure des mines de Saint-Etienne",18009202500105,713,CGE,0420094Z,Mines Saint-Etienne,EPSCP # Grand établissement,Public,,Ingénieur,,
"École des
  Mines de Paris ",19753493600012,828,CGE,0753493P,MINES Paris-PSL,EPSCP,Public,,Ingénieur,,
"Ecole
  nationale supérieure des mines de Nancy",13001550600889,712,"CGE, CDEFI",0540128W,Mines Nancy,,Public,,Ingénieur,,
"Montpellier
  Business School",79026124200016,740,CGE,0340137P,MBS,Association loi 1901 # EESPIG,Privé,MBS,Manager,,
L'Ecole de design Nantes Atlantique,33405590200053,825,CGE,0442085C,L'Ecole de design ,Association loi 1901 # EESPIG,Privé,,Autre spécialité,,
KEDGE Business School,51400512300062,878,CGE,0333326L,KEDGE BS,Association loi 1901 # EESPIG,Privé,KEDGE BS,Manager,,
JUNIA - HEI ISA ISEN,78370700300035,946,"CGE, CDEFI",0597165T,JUNIA,Association loi 1901 # EESPIG,Privé,,Ingénieur,,
Institut textile et chimique de Lyon,32014055100021,821,"CGE, CDEFI",0693364G,ITECH Lyon,Association loi 1901 # EESPIG,Privé,,Ingénieur,,
Institut des sciences et techniques des Yvelines,19781944400013,77,"CDEFI, FU",,ISTY,,,,,,
"Ecole Supérieure d’Agro-Développement
  International",38379899800035,956,"CGE, CDEFI",0951808Z;0492466P,ISTOM,Association loi 1901 # EESPIG,Privé,ISTOM,Ingénieur,,
"Institut Supérieur des Sciences et
  Techniques Commerciales",90023572200023,927,CGE,0752304X,ISTEC,SAS,Privé,Istec Business School,Manager,,
"Institut supérieur des matériaux et
  mécaniques avancés",34359272100025,820,"CGE, CDEFI",0721484X,ISMANS CESI,Association loi 1901,Privé,,Ingénieur,,
"Institut de Management et de
  Communication Interculturels",78428083600031,819,CGE,0754493B,ISIT,Association loi 1901 # EESPIG,Privé,,Autre spécialité,,
Institut national universitaire Jean-François Champollion,19811201300018,106,"CDEFI, FU",,ISIS Castres,,,,,,
Institut supérieur d'ingénieurs de Franche-Comté,19251215000579, ,CDEFI,,ISIFC,,,,,,
Institut Supérieur de Gestion à Paris,78370705200032,874,CGE,0593202K,ISG,Association loi 1901,Privé,ISG,Manager,,
"Institut supérieur d'électronique de
  Paris",78428074500026,818,"CGE, CDEFI",0753559L,ISEP,Association loi 1901 # EESPIG,Privé,,Ingénieur,,
"Institut supérieur de l'électronique et
  du numérique Yncréa Méditerranée",38338687700039,817,"CGE, CDEFI",0831458J,ISEN Yncréa Méditerranée,Association loi 1901 # EESPIG,Privé,ISEN,Ingénieur,,
"Institut supérieur de l'électronique et
  du numérique",39779265600027,815,CGE,0292125C,ISEN Brest,Association loi 1901 # EESPIG,Privé,,Ingénieur,,
Institut supérieur d'études logistiques,19762762300097,72,"CDEFI, FU",,ISEL,,,,,Universite le Havre Normandie,
Institut Supérieur du Commerce de Paris,78471351300025,814,CGE,0750252S,ISC Paris,Association loi 1901 # EESPIG,Privé,Groupe ISC Paris,Manager,,
"Institut Supérieur du Bâtiment et des
  Travaux publics",18130002100340,976,"CGE, CDEFI",0130238N,ISBA TP,EPA,Consulaire,ISBA TP,Ingénieur,,
"Institut Supérieur de l'Automobile et des
  Transports de Nevers",93823061200286,939,"CGE, CDEFI",0580766T,ISAT,,Public,,Ingénieur,,
ISARA,77984505600042,813,CGE,0692353H,ISARA,Association loi 1901 # EESPIG,Privé,,Ingénieur,,
Institut Supérieur de Mécanique de Paris,19930603600013,844,"CGE, CDEFI",0930603A,ISAE-SUPMÉCA,EPSCP,Public,ISAE-Supméca,Ingénieur,,
"Institut supérieur de l'aéronautique et
  de l'espace-SUPAERO",13000427800011,812,"CGE, CDEFI",0312760G,ISAE-SUPAERO,EPSCP # Grand établissement,Public,,Ingénieur,,
"École nationale supérieure de mécanique et d'aérotechnique de
  Poitiers",19860073600021,714,"CGE, CDEFI",0860073M,ISAE-ENSMA,EPSCP,Public,,Ingénieur,,
Institut supérieur aquitain du bâtiment et des travaux publics,19640251500270, ,CDEFI,,ISA BTP,,,,,,
"Institut Polytechnique des Sciences
  Avancées",89812490400019,958,"CGE, CDEFI",0942144V,IPSA,SAS # Société à mission,Privé,"IPSA, école de l'air, de l'espace et de la mobilité durable",Ingénieur,,
IPAG Business School,78428080200017,908,CGE,0754273M;0752792C,IPAG Business School,Association loi 1901 # EESPIG,Privé,IPAG Business School,Manager,,
"Institut national des sciences et
  techniques nucléaires",19910685700014,931,"CGE, CDEFI",0910685A,INSTN,EPA,Public,,Ingénieur,,
Institut Mines-Télécom Business School,18009202500063,847,CGE,0912255G,Institut Mines-Télécom Business School,EPSCP,Public,Institut Mines-Télécom Business School,Manager,,
Institut Lyfe,41813774100017,960,CGE,0693453D,Institut Lyfe,Association loi 1901,Privé,Institut Lyfe,Ecole affiliée,,
Institut Galilée,94809524500015, ,CDEFI,,Institut Galilée,,,,,,
Institut d'optique - graduate school,18009202500105,808,CGE,0910725U,Institut d'Optique,Association loi 1901,Privé,,Ingénieur,,
"Ecole nationale supérieure des sciences
  agronomiques, agroalimentaires, horticoles et du paysage ",13002622200021,584,"CGE, CDEFI",0492189N,Institut Agro Rennes-Angers,Autre (Ecole interne d'une école),Public,,Ingénieur,," (Rennes) / 13 002 622 200 039
  (Angers)"
"L'institut national d'enseignement
  supérieur pour l'agriculture, l'alimentation et l'environnement - Ecole de
  Montpellier",13002622200054,829,"CGE, CDEFI",034 23 38 G,Institut Agro Montpellier,Autre (Ecole interne d'une école),Public,,Ingénieur,,
"Ecole nationale des sciences
  agronomiques, de l'alimentation et de l'environnement",13002622200104,586,"CGE, CDEFI",0212198A,Institut Agro Dijon,Autre (Ecole interne d'une école),Public,,Ingénieur,,
Institut national du service public,19753463900020,668,CGE,0753463G;0672678X,INSP,EPA,Public,,Autre spécialité,,
"Institut Européen d'Administration des
  Affaires",77570339000010,920,CGE,0771077C,INSEAD,Association loi 1901,Privé,INSEAD,Manager,,
"Institut national des sciences appliquées
  de Toulouse",19310152400018,806,"CGE, CDEFI",0310152X,INSA Toulouse,EPSCP,Public,,Ingénieur,,
"Institut national des sciences appliquées
  de Strasbourg",19672767100014,805,"CGE, CDEFI",0670190T,INSA Strasbourg,EPSCP,Public,,Ingénieur,,
"Institut National des Sciences Appliquées
  Rouen Normandie",19760165100023,804 ; 8,"CGE, CDEFI, FU",0760165S,INSA Rouen Normandie,EPSCP,Public,,Ingénieur,,
"Institut national des sciences appliquées
  de Rennes",19350097200016,803,"CGE, CDEFI",035 0097R,INSA Rennes,EPSCP,Public,,Ingénieur,,
"Institut national des sciences appliquées
  de Lyon",19690192000013,802 ;100,"CGE, CDEFI, FU",0690192J,INSA Lyon,EPSCP,Public,,Ingénieur,,
INSA Hauts-de-France,13002575200010,707,"CGE, CDEFI",0597131F,INSA Hauts-de-France,EPSCP,Public,INSA Hauts-de-France,Ingénieur,,
"Institut Nationale des Sciences
  Appliquées Centre Val de Loire",13001833600011,705,"CGE, CDEFI",0411068N;0180974L,INSA Centre Val de Loire,EPSCP,Public,,Ingénieur,,
institut National du Patrimoine,19751234600044,944,CGE,0754446A,INP,EPA,Public,,Autre spécialité,,
École nationale supérieure Mines-Télécom Lille-Douai,18009202500139,915,"CGE, CDEFI",0597060D,IMT Nord Europe,EPSCP,Public,IMT Nord Europe,Ingénieur,,
École nationale supérieure des mines d'Alès,18009202500113,663,"CGE, CDEFI",030 0063F,IMT Mines Alès,EPSCP,Public,,Ingénieur,,
"Ecole nationale supérieure des Mines
  d'Albi-Carmaux",18009202500097,664,CGE,0811200P,IMT Mines Albi,EPA,Public,IMT Mines Albi,Ingénieur,,
"Ecole nationale supérieure Mines-Télécom
  Atlantique Bretagne-Pays de la Loire",18009202500121,914,"CGE, CDEFI",0291811L,IMT Atlantique Bretagne-Pays de la Loire,EPSCP,Public,,Ingénieur,,
École nationale supérieure des mines de Saint-Étienne,18009202500105, ,CDEFI,,"IMT - Mines
  Saint-Étienne",,,,,,
INSEEC Grande École,31240903000102,807,CGE,0754500J,IGE,Association loi 1901,Privé,INSEEC Grande École,Manager,,
"IFP School - Ecole Nationale Supérieure
  du Pétrole et des Moteurs - ENSPM",77572915500124,798,"CGE, CDEFI",0920815L,IFP School,EPIC,Public,IFP School,Ingénieur,,
Institut Français de la Mode,33345298500034,796,CGE,0754566F,IFM,Association loi 1901 # EESPIG,Privé,,Autre spécialité,,
IESEG School of Management,78370705200032,795,CGE,0593202K,IESEG,Association loi 1901 # EESPIG,Privé,IÉSEG School of Management,Manager,,
"Institut d'Etudes Politiques de Rennes -
  Sciences Po Rennes",19352317200016,926,CGE,0352317D,IEP Rennes,EPA,Public,,Autre spécialité,,
"Institut d’Etudes Politiques de Lille –
  Sciences Po Lille",19595876400035,900,CGE,0595876S,IEP Lille,EPA,Public,,Autre spécialité,,
ICN Business School,93145678400020,794,CGE,0542455A,ICN Business School,Association loi 1901 # EESPIG,Privé,ICN Business School,Manager,,
"Institut catholique d’études
  supérieures (ICES) de Vendée",37920430800033,954,CGE,0851415B,ICES,Association loi 1901 # EESPIG,Privé,ICES,Autre spécialité,,
"Institut International du Commerce et du
  Développement",31814740200099,911,CGE,0753147N,ICD International Business School,Association loi 1901,Privé,ICD International Business School,Manager,,
Institut catholique d'arts et métiers,78370697100018,959,"CGE, CDEFI",0755373H,ICAM,Association loi 1901 # EESPIG,Privé,Groupe ICAM,Ingénieur,,"Lille, Strasbourg, Toulouse, Grand Paris Sud, Ouest"
Hautes Etudes Commerciales de Paris,81775918600023,789,CGE,0783054W,HEC Paris,SAESC,EESC,HEC Paris,Manager,,
Groupe INSA,84186445700012, ,CDEFI,,Groupe INSA,,,,,,
"Ecole nationale supérieure de physique,
  électronique et matériaux",19381912500272,786,"CGE, CDEFI",0383395J,Grenoble INP - PHELMA,,Public,,Ingénieur,,
"Ecole internationale du papier, de la
  communication imprimée et des biomatériaux",19381912500017,785,"CGE, CDEFI",0383397L,Grenoble INP - Pagora,Grand établissement,Public,,Ingénieur,,
"Ecole Nationale Supérieure de Génie
  Industriel",19381912500256,784,"CGE, CDEFI",0383398M,Grenoble INP - Génie Industriel,Public,,Ingénieur,,,
"Ecole Nationale Supérieure en Système
  Avancés et Réseaux",19381912500249,896,"CGE, CDEFI",0261459V,Grenoble INP - ESISAR,,Public,,Ingénieur,,
"Ecole nationale supérieure d'informatique
  et de mathématiques appliquées de Grenoble",19381912500231,783,"CGE, CDEFI",0383399N,Grenoble INP - ENSIMAG,,Public,,Ingénieur,,
"Ecole nationale supérieure de l'énergie,
  l'eau et l'environnement",19381912500280,782,"CGE, CDEFI",0383396K,Grenoble INP - Ense3,,Public,,Ingénieur,,
"Grenoble IAE - INP, UGA",19381912500017,972 ; 35,"CGE, FU",0383336V,"Grenoble IAE - INP, UGA",Autre (Ecole interne d'une école),Public,"Grenoble IAE - INP, UGA",Manager,,
"GOBELINS – CCI Paris Île-de-France
  Éducation",89003049700022,963,CGE,754928Z,GOBELINS Paris,SAESC,EESC,GOBELINS Paris,Ecole affiliée,,
"Ecole nationale des sciences
  géographiques",18006701900372,703,"CGE, CDEFI",0772496V,Géodata Paris,,Public,,Ingénieur,,
GEM Alpine Business School,81738914100018,780,CGE,0382778N,GEM Alpine Business School,SAESC # Société à mission,EESC,GEM Alpine Business School,Manager,,
Ferrandi Paris,88936649800034,961,CGE,0753184D,Ferrandi Paris,SAESC,EESC,Ferrandi Paris,Ecole affiliée,,
Excelia Business School ,34876850800015,739,CGE,0171427J,Excelia Business School ,Association loi 1901 # EESPIG,Privé,Excelia Business School,Manager,,
Ecole du Val de Grace,87763918700013,873,CGE,,EVDG,,Public,,Autre spécialité,,
EURECOM,38318157500028,975,"CGE, CDEFI",0062022R,EURECOM,GIE,Privé,EURECOM,Ingénieur,,
"ESTP - Grande école d'ingénieurs de la
  construction",32500211100012,771,"CGE, CDEFI",0753607N;0942340H,ESTP,Association loi 1901 # EESPIG,Privé,,Ingénieur,,
"Ecole supérieure des technologies
  industrielles avancées",82445767500059,770,"CGE, CDEFI",0641923T,ESTIA,SAESC,EESC,,Ingénieur,,
"Ecole supérieure des techniques
  aéronautiques et de construction automobile",78425950900080,769,"CGE, CDEFI",0783664J;0921929X,ESTACA,Association loi 1901 # EESPIG,Privé,,Ingénieur,,
"Ecole supérieure des sciences économiques
  et commerciales",77566395800046,767,CGE,0951214D,ESSEC,Association loi 1901 # EESPIG,Privé,ESSEC Business School,Manager,,
ESSCA School of Management,78611672300010,766,CGE,0490076S,ESSCA,Association loi 1901 # EESPIG,Privé,ESSCA,Manager,,
"Ecole supérieure de physique et de chimie
  industrielles de la Ville de Paris",20000068500012,762,"CGE, CDEFI",0753429V,ESPCI Paris,,Public,,Ingénieur,,
École spéciale de mécanique et d'électricité,44263925800031,761,"CGE, CDEFI",0753574C;0941953M,ESME-SUDRIA,SA # Société à mission,Privé,,Ingénieur,,
École d'ingénieurs de l'université de Caen,19141408500016,33,"CDEFI, FU",,ESIX Normandie,,,,,,
"École supérieure d'ingénieurs des travaux de la construction de
  Paris",39433164900027, ,CDEFI,,ESITC Paris,,,,,,
"École supérieure d'ingénieurs des travaux de la construction de
  Metz",38901300400012, ,CDEFI,,ESITC Metz,,,,,,
École nationale supérieure d'ingénieurs de Reims,19511296600435, ,CDEFI,,ESIReims,,,,,,
"École Supérieure d'Ingénieurs Léonard de
  Vinci",82139268500011,893,"CGE, CDEFI",0922563L,ESILV,Association loi 1901,Privé,,Ingénieur,,
École supérieure d'ingénieurs en génie électrique,41370111100028,756,"CGE, CDEFI",0762378X,ESIGELEC,Association loi 1901 # EESPIG,Privé,,Ingénieur,,
ESIEE-IT – CCI Paris Île-de-France Education,88931074400020, ,CDEFI,,ESIEE-IT,,,,,,
École supérieure d'ingénieurs en électronique et électrotechnique,13001727000146,885,"CGE, CDEFI",0932019P,ESIEE Paris, ,Consulaire,,Ingénieur,,
"Ecole Supérieure d'Informatique
  Electronique Automatique",31134913800017,752,"CGE, CDEFI",0753560M,ESIEA,Association loi 1901 # EESPIG,Privé,,Ingénieur,,
École supérieure de fonderie et de forge,77568801300041, ,CDEFI,,ESFF,,,,,,
"École supérieure d'électronique de
  l'ouest",78611671500065,750,"CGE, CDEFI",0490075R,ESEO,Association loi 1901 # EESPIG,Privé,,Ingénieur,,
ESDES Ecole de management,32693006200145,749,CGE,0691503J,ESDES Ecole de management,Association loi 1901 # EESPIG,Privé,,Manager,,
ESCP Business School,82464458700027,748,CGE,0753547Y,ESCP Business School,SAESC,EESC,ESCP Business School,Manager,,
"Ecole Supérieure de Chimie Organique et
  Minérale",78428076000033,747,"CGE, CDEFI",0602099F;0951803U,ESCOM,Association loi 1901 # EESPIG,Privé,,Ingénieur,,
Ecole Supérieure du Commerce Extérieur,78471352100069,872,CGE,0923009W,ESCE,SAS,Privé,ESCE,Manager,,
École supérieure de biotechnologie de Strasbourg,13000545700093, ,CDEFI,,ESBS,,,,,,
Ecole supérieure du bois,78452130400021,733,"CGE, CDEFI",0442278M,ESB,Association loi 1901 # EESPIG,Privé,,Ingénieur,,
"école supérieure d’arts & médias de
  Caen/Cherbourg",20002813200013,950,CGE,0141432F,ésam Caen/Cherbourg,EPCC,Public,ésam Caen/Cherbourg,Autre spécialité,,
"Ecole supérieure angevine d'informatique
  et de productique",37920438100014,732,"CGE, CDEFI",0492246A,ESAIP,Association loi 1901 # EESPIG,Privé,,Ingénieur,,
Ecole Spéciale d'Architecture,78457366900016,731,CGE,0753533H,ESA Paris,Association loi 1901 # EESPIG,Privé,,Autre spécialité,,
Ecole de santé des armées de Lyon-Bron,19690189600015,765,CGE,0690190G,ESA Lyon-Bron,,Public,,Autre spécialité,,
Ecole Supérieure d'Agricultures d'Angers,34238263700011,730,CGE,0490072M,ESA Angers,Association loi 1901 # EESPIG,Privé,,Ingénieur,,
École pour l'informatique et les techniques avancées,89819207500015,901,"CGE, CDEFI",0942095S,EPITA,SAS # Société à mission,Privé,,Ingénieur,,
EPF-Ecole d'ingénieurs,39110158100067,728,"CGE, CDEFI",0942500G;0920674H,EPF,EESPIG # Fondation,Privé,,Ingénieur,,Troyes ; Montpellier ; Cachan
École et observatoire des sciences de la Terre,13000545700069, ,CDEFI,,EOST,,,,,,
Ecole nationale vétérinaire de Toulouse,19310153200011,723,CGE,0310153Y,ENVT,EPA,Public,,Autre spécialité,,
Ecole nationale vétérinaire  d'Alfort,19940608300014,722,CGE,0940608A,ENV Alfort,EPA,Public,,Autre spécialité,,
"Ecole de l’aménagement durable des
  territoires",13000288400018,721,"CGE, CDEFI",0692566P,ENTPE,EPSCP # Grand établissement,Public,,Ingénieur,,
"Ecole nationale supérieure des
  technologies et industries du bois",13001550600699,720,"CGE, CDEFI",0881586W,ENSTIB,,Public,,Ingénieur,,
"Ecole nationale supérieure de techniques
  avancées",19750003600029,719,"CGE, CDEFI",0912318A,ENSTA,EPSCP,Public,,Ingénieur,,
"École nationale supérieure des sciences appliquées et de
  technologie de Lannion",19350936100278,717,"CGE, CDEFI",0221809X,ENSSAT,EPSCP,Public,Enssat,Ingénieur,,
École Nationale Supérieure de la Police,19690189600015,953,CGE,0690189F,ENSP,EPA,Public,ENSP,Autre spécialité,,
"Ecole nationale supérieure de mécanique
  et des microtechniques",19250082500026,715,"CGE, CDEFI",0250082D,ENSMM,EPSCP,Public,SUPMICROTECH-ENSMM,Ingénieur,,
"Ecole nationale supérieure d'ingénieurs
  sud Alsace",19691166500096,711,"CGE, CDEFI",0680099N,ENSISA,,Public,,Ingénieur,,
École nationale supérieure d'ingénieurs du Mans,19720916600226, ,CDEFI,,ENSIM,,,,,,
Ecole d’ingénieurs de Limoges,19870669900461,696,"CGE, CDEFI",0875082B,ENSIL-ENSCI,EPA,Public,ENSIL-ENSCI,Ingénieur,,
"Ecole nationale supérieure d'informatique
  pour l'industrie et l'entreprise",13000214000015,710,"CGE, CDEFI",0912266U,ensIIE,EPA,Public,,Ingénieur,,
"Ecole nationale supérieure d'ingénieurs
  de Caen & Centre de Recherche",19141720300012,709,"CGE, CDEFI",0141720U,ENSICAEN,EPSCP,Public,,Ingénieur,,
"Ecole nationale supérieure des industries
  chimiques de Nancy",13001550600301,708,"CGE, CDEFI",0540113E,ENSIC,,Public,,Ingénieur,,
"Ecole Nationale Supérieure d'Ingénieur de
  Bretagne Sud - Université de Bretagne Sud",19561718800485,952,"CGE, CDEFI",0561890A,ENSIBS,EPSCP,Public,ENSIBS,Ingénieur,,
École nationale supérieure d'ingénieurs de Poitiers,19860856400375,9,"CDEFI, FU",,ENSI Poitiers,,,,,Universite de Poitiers,
"L'Ecole Nationale Supérieure en Génie des
  Technologies Industrielles",19640251500270,870 ; 64,"CGE, CDEFI, FU",0641846J,ENSGTI,EPSCP,Public,,Ingénieur,"Universite de Pau et des Pays de
  l'Adour",
"Ecole Nationale Supérieure en Génie des
  Systèmes et de l'Innovation",13001550600327,704,"CGE, CDEFI",0542307P,ENSGSI,,Public,,Ingénieur,,
Ecole Nationale Supérieure de Géologie,13001550600293,702,CGE,0540123R ,ENSG - Géologie,,Public,,Ingénieur,,
École nationale supérieure de géologie,18006701900430, ,CDEFI,,ENSG,,,,,,
École nationale supérieure d'électricité et de mécanique de Nancy,13001550600012,97,"CDEFI, FU",,ENSEM,,,,,,
"Ecole nationale supérieure d'électricité
  et de mécanique",13001550600293,701,CGE,0542221W,ENSEM,,Public,,Ingénieur,,
"Ecole nationale supérieure de
  l'électronique et de ses applications",19951376300011,698,"CGE, CDEFI",0951376E,ENSEA,EPA,Public,,Ingénieur,,
École nationale supérieure de chimie de Montpellier,19340112200026, ,CDEFI,,ENSCM,,,,,,
"Ecole nationale supérieure de création
  industrielle - Les Ateliers",33111876000015,697,CGE,0754585B,ENSCI Les Ateliers,EPIC,Public,,Autre spécialité,,
"Ecole nationale supérieure de chimie de
  Rennes",19350077400016,694,"CGE, CDEFI",0350077U,ENSC Rennes,EPA,Public,,Ingénieur,,
"Ecole nationale supérieure de chimie de
  Mulhouse",19681166500013,693 ; 1,"CGE, CDEFI, FU",0680097L,ENSC Mulhouse,,Public,,Ingénieur,Universite de Haute Alsace ,
"Ecole nationale supérieure de chimie de
  Montpellier",19340112200010,692,CGE,034 0112 M,ENSC Montpellier,EPSCP,Public,,Ingénieur,,
"Ecole nationale supérieure de chimie de
  Lille",13002975400012,691,CGE,0597139P,ENSC Lille,EPA,Public,,Ingénieur,,
Ecole Nationale Supérieure de Cognitique,13000635600013,887 ; 88,"CGE, CDEFI, FU",033 32 32 J ,ENSC - Bordeaux-INP,,Public,,Ingénieur,,
"Ecole Nationale Supérieure d'Architecture
  de Saint-Etienne",19421614900014,904,CGE,0421614B,ENSASE,EPA,Public,,Autre spécialité,,
"Ecole nationale supérieure d'architecture
  de Nancy",19540135100026,682,CGE,0540135D,ENSarchitecture de Nancy,EPA,Public,,Autre spécialité,,
"Ecole Nationale Supérieure d’Architecture
  de Paris-Malaquais",18009221500011,951,CGE,0751871B,ENSAPM,EPA,Public,ENSA Paris-Malaquais,Autre spécialité,,
"Ecole nationale supérieur d'architecture
  et de Paysage de Bordeaux",19330199100017,966,CGE,0330199M,ENSAP Bordeaux,EPA,Public,ENSAP Bordeaux,Autre spécialité,,
"Ecole Nationale Supérieure des Arts et
  Industries Textiles",19590338000010,686,"CGE, CDEFI",0596477V ,ENSAIT,EPSCP,Public,,Ingénieur,,
"Ecole nationale supérieure d'agronomie et
  des industries alimentaires",13001550600277,685,"CGE, CDEFI",0540109A,ENSAIA,,Public,,Ingénieur,,
"Ecole nationale de la statistique et de
  l'analyse de l'information",13001422800055,684,"CGE, CDEFI",0352480F,ENSAI,EPSCP,Public,,Ingénieur,,
"Ecole nationale de la statistique et de
  l'administration économique Paris",13001422800051,683,"CGE, CDEFI",0912381U,ENSAE Paris,EPSCP,Public,,Ingénieur,,
"Ecole Nationale Supérieure des Arts
  Décoratifs à Paris",19753470400014,871,CGE,0753470P,ENSAD,EPA,Public,,Autre spécialité,,
"Ecole nationale supérieure d'architecture
  de Paris-Belleville",19751877200037,895,CGE,0751877H,ENSA-PB,EPA,Public,,Autre spécialité,,
"École nationale supérieure d'architecture
  de Versailles",19780412300028,949,CGE,0780412Z,ÉNSA Versailles,EPA,Public,,Autre spécialité,,
"Ecole Nationale Supérieure d'Architecture
  de Strasbourg",19670186600010,968,CGE,0670186N,ENSA Strasbourg,EPA,Public,ENSAS,Autre spécialité,,
ENSA Paris Val de Seine,18009220700013,957,CGE,0754540C,ENSA PVS,EPA,Public,ENSA PVS,Autre spécialité,,
"École nationale supérieure d'architecture
  de Nantes",19440104800021,964,CGE,044 010 4 Z,ensa Nantes,EPA,Public,ensa Nantes,Autre spécialité,,
"Ecole Nationale Supérieure d'Architecture
  de Lyon",19690184700018,932,CGE,0690184A,ENSA Lyon,,Public,,Autre spécialité,,
"École d’architecture de la ville &
  des territoires Paris-Est",19932230600028,943,CGE,0772551E,ENSA de Paris-Est,EPA,Public,,Autre spécialité,,
Ecole normale supérieure de Rennes,37832751400014,919,CGE,0352440M,ENS Rennes,EPSCP,Public,,Autre spécialité,,
Ecole normale supérieure Paris-Saclay,19940607500036,680 ; 11,"CGE, FU",0912423P,ENS Paris-Saclay,EPSCP,Public,,Autre spécialité,,
Ecole normale supérieure,19753459700012,679 ; 54,"CGE, FU",0753455Y,ENS,EPSCP,Public,,Autre spécialité,,
École nationale des ponts et chaussées,19753501600020,646,"CGE, CDEFI",0772517T;0753501Y,ENPC,EPSCP,Public,,Ingénieur,,
Ecole nationale d'ingénieurs de Tarbes,19650048200019,674,"CGE, CDEFI",06511245V,ENI Tarbes,EPSCP,Public,,Ingénieur,,
Ecole Nationale d'Ingénieurs de Metz,19570140400020,673,"CGE, CDEFI",0570140T,ENI Metz,EPA,Public,,Ingénieur,,
Ecole Nationale d'Ingénieurs de Brest,39280706100024,672,CGE,0290119X,ENI Brest,EPSCP,Public,,Ingénieur,,
"Ecole nationale du génie de l'eau et de
  l'environnement de Strasbourg",19670189000028,671,"CGE, CDEFI",0670189S,ENGEES,EPA,Public,,Ingénieur,,
Ecole nationale de l'aviation civile,19311256200015,669,CGE,0311256X,ENAC,EPSCP # Grand établissement,Public,,Ingénieur,,
Ecole navale,15000096600013,667,CGE,0290124C,EN,EPSCP # Grand établissement,Public,,Ingénieur,,
emlyon Business School,95950473900076,659,CGE,0421601M,emlyon Business School,SA # Société à mission,Privé,emlyon business school ,Manager,,
Ecole de Management Léonard de Vinci,81000402800017,925,CGE,0922369A,EMLV,Association loi 1901,Privé,EMLV,Manager,,
Ecole de Management de Strasbourg,13000545700051,662,CGE,0681816E,EM Strasbourg,,Public,EM Strasbourg Business School,Manager,,
Ecole de Management de Normandie,47980663000055,661,CGE,0760168V,EM Normandie,Association loi 1901 # EESPIG,Privé,EM Normandie,Manager,,
École d’ingénieurs des sciences aérospatiales,51283730300043, ,CDEFI,,ELISA Aerospace,,,,,,
"Eklore-ed School of Management (ex ESC
  Pau)",18640002400060,741,CGE,0640096G,eklore-ed School of Management,Consulaire,Eklore-ed School of Management,Manager,,,
Ecole des Ingénieurs de la Ville de Paris,20000069300024,658,"CGE, CDEFI",0750043P,EIVP,,Public,,Ingénieur,,
École d'ingénieurs en sciences industrielles et numérique,19511296600799, ,CDEFI,,EiSINe,,,,,,
École d'ingénieurs du Littoral Côte d'Opale,19594403800205,81,"CDEFI, FU",,EIL Côte d'Opale,,,,,,
École d'ingénieurs Jules Verne - Université d'Amiens,19801344300900, ,CDEFI,,EIJV,,,,,,
"Ecole d'ingénieurs généralistes La
  Rochelle",35340877600022,656,"CGE, CDEFI",0171435T,EIGSI,Association loi 1901 # EESPIG,Privé,,Ingénieur,,
École d'ingénieurs Denis Diderot de l'université Paris Cité,13002573700011,5,"CDEFI, FU",,EIDD,,,,,,
École d'ingénieurs du conservatoire national des arts et métiers,19753471200470, ,CDEFI,,EICnam,,,,,,
École d'ingénieurs de l'Artois - Université d'Artois,19624401600016, ,CDEFI,,EIA,,,,,,
Ecole des hautes études en santé publique,13000362700010,652 ; 95,"CGE, FU",0350095N,EHESP,EPSCP # Grand établissement,Public,,Autre spécialité,,
EFREI Paris,39889833800023,930,"CGE, CDEFI",0941934S,EFREI Paris,Association loi 1901 # EESPIG,Privé,,Ingénieur,,
"Ecole Européenne d'Ingénieurs en Génie
  des Matériaux",13001550600335,973,"CGE, CDEFI",0542259M,EEIGM,EPA,Public,EEIGM,Ingénieur,,
EDHEC Business School,78370706000068,650,CGE,0590350K,EDHEC Business School,Association loi 1901 # EESPIG,Privé,EDHEC BUSINESS SCHOOL,Manager,,
EDC Paris Business School,40249993300032,648,CGE,0922007G,EDC,Association loi 1901,Privé,EDC PARIS BUSINESS SCHOOL,Manager,,
"Ecole européenne de Chimie Polymères et
  Matériaux de Strasbourg",43350831400062,647,"CGE, CDEFI",0672792W,ECPM,,Public,,Ingénieur,,
École polytechnique - X,19911568400011,727,CGE,0911568K,École polytechnique,EPSCP # Grand établissement,Public,,Ingénieur,,
École navale,15000096600013, ,CDEFI,,École navale,,,,,,
ÉCOLE DE CONDÉ,42334912500033,965,CGE,0754987N,ÉCOLE DE CONDÉ,SAS,Privé,école de condé,Ecole affiliée,,
École centrale d’électronique,37936409400027,645,"CGE, CDEFI",0754431J,ECE école d'ingénieurs,Association loi 1901,Privé,ECE école d’ingénieurs - engineering school,Ingénieur,,
"Ecole d'Electricité, de Production et des
  Méthodes Industrielles - Réseau ECAM (Cergy-Pontoise)",38896452000018,729,"CGE, CDEFI",0951819L,ECAM-EPMI,Association loi 1901 # EESPIG,Privé,,Ingénieur,,
ECAM Louis de Broglie ,37910309600051,644,CGE,0352337A,ECAM Louis de Broglie ,Association loi 1901 # EESPIG,Privé,ECAM Louis de Broglie,Ingénieur,,
École catholique d'arts et métiers,77988344600014,643,"CGE, CDEFI",0690194L,ECAM LaSalle,Association loi 1901 # EESPIG,Privé,,Ingénieur,,
European Business School,81115576100067,918,CGE,0753636V,ebs Paris,Association loi 1901,Privé,EBS PARIS,Manager,,
Ecole de Biologie Industrielle,38859163800035,637,"CGE, CDEFI",0951820M,EBI,Association loi 1901 # EESPIG,Privé,,Ingénieur,,
Ecole de l'Air et de l'Espace,13002454000010,636,"CGE, CDEFI",0130230E,EAE,EPSCP # Grand établissement,Public,Ecole de l'air et de l'espace,Ingénieur,,
CY Tech,13002597600015,657 ; 65,"CGE, CDEFI, FU",0951931H,CY Tech,Grand établissement,Public,,Ingénieur,,
"Ecole supérieure de chimie physique
  électronique de Lyon",39189510900026,633,"CGE, CDEFI",0693623N,CPE Lyon,Association loi 1901 # EESPIG,Privé,,Ingénieur,,
"Conservatoire national des arts et
  métiers",19753471200017,629 ; 44,"CGE, FU",0753471R,CNAM,EPSCP # Grand établissement,Public,,Ingénieur,,
Clermont School of Business,81234979300016,902,CGE,0630109B,Clermont School of Business,Association loi 1901,Privé,Clermont School of Business,Manager,,
"École polytechnique universitaire de l'Institut national
  polytechnique Clermont Auvergne",13002191800029, ,CDEFI,,Clermont Auvergne INP - Polytech Clermont,,,,,,
"Institut supérieur d'informatique, de modélisation et de leurs
  applications",13002191800037, ,CDEFI,,Clermont Auvergne INP - ISIMA,,,,,,
Institut national polytechnique Clermont Auvergne,13002191800011,109,"CDEFI, FU",,Clermont Auvergne INP,,,,,,
"Ecole nationale supérieure de chimie de
  Paris",13002142100016,628 ; 105,"CGE, CDEFI, FU",075.33.75 L,Chimie ParisTech,EPSCP,Public,,Ingénieur,,
Centre de formation des journalistes,45035532600023,626,CGE,0753635U,CFJ,Association loi 1901 # EESPIG,Privé,,Autre spécialité,,
CESI École d’Ingénieurs,77572257201109,655,"CGE, CDEFI",0922455U;0755372G,CESI École d’Ingénieurs,Association loi 1901,Privé,,Ingénieur,,
CentraleSupélec,13002076100016,898,"CGE, CDEFI",0912341A,CentraleSupélec,EPSCP # Grand établissement,Public,,Ingénieur,,
Ecole centrale de Nantes,19440100600011,641,"CGE, CDEFI",0440100V,Centrale Nantes,EPSCP,Public,,Ingénieur,,
École Centrale Méditerranée,19133340000015,640,"CGE, CDEFI",0133774G,Centrale Méditerranée,EPSCP,Public,,Ingénieur,,
"Ecole nationale d'ingénieurs de Saint
  Etienne",19420093700010,676,"CGE, CDEFI",0420093Y,Centrale Lyon ENISE,Autre (Ecole interne d'une école),Public,,Ingénieur,,
École Centrale de Lyon,19690187000010,639 ; 75,"CGE, CDEFI, FU",0690187D,Centrale Lyon,EPSCP,Public,,Ingénieur,,
Centrale Lille Institut,19590349700012,638,"CGE, CDEFI",0597139P,Centrale Lille,EPSCP,Public,,Ingénieur,,
"École des hautes études en sciences de
  l'information et de la communication",13002338500037,624,CGE,0921509R,CELSA Sorbonne-Université,Public,CELSA,Autre spécialité,,,
"Ecole supérieure d'ingénieurs des travaux
  de la construction de Caen",40316268800010,758,"CGE, CDEFI",0142182W,BUILDERS École d'ingénieurs,Association loi 1901 # EESPIG,Privé,BUILDERS École d'ingénieurs,Ingénieur,,
"Ecole supérieure de commerce de
  Dijon-Bourgogne",78970477200019,738,CGE,0210099U,BSB - Burgundy School of Business,SAESC,EESC,BURGUNDY SCHOOL OF BUSINESS,Manager,,
Institut national polytechnique de Bretagne,19290119700025, ,CDEFI,,Bretagne INP,,,,,,
"Ecole nationale supérieure
  d'électronique, informatique, télécommunications, mathématique et mécanique
  de Bordeaux",13000635600047,700,CGE,033 32 39 S,Bordeaux-INP - ENSEIRB-MATMECA,Grand établissement,Public,,Ingénieur,,
"Ecole Nationale Supérieure des Sciences
  Agronomiques de Bordeaux Aquitaine",19330203100011,677,"CGE, CDEFI",0330203S,Bordeaux Sciences Agro,EPA,Public,,Ingénieur,,
"École nationale supérieure pour la performance industrielle et la
  maintenance aéronautique",13000635600096, ,CDEFI,,Bordeaux INP - ENSPIMA,,,,,,
Brest Business School,81263551400019,899,CGE,0290127F,BBS,Association loi 1901,Privé,BREST BUSINESS SCHOOL,Manager,,
Audencia,83474886500013,618,CGE,0440112H,Audencia,SAESC,EESC,Audencia Business School,Manager,,
Ecole Nationale Supérieure d'Arts et Métiers - ENSAM,19753472000010,687,"CGE, CDEFI",0753237L,Arts et Métiers ,EPSCP # Grand établissement,Public,Arts et Métiers Sciences et Technologies,Ingénieur,,
Académie Militaire de Saint-Cyr Coëtquidan,77782114100010,760,CGE,0560068V,AMSCC,,Public,,Autre spécialité,,
Académie Militaire de la Gendarmerie Nationale,15700010000055,724,CGE,0772493S,AMGN,,Public,,Autre spécialité,,
Institut national des Sciences et Industries du Vivant et de l'Environnement,13000285000134,585,"CGE, CDEFI",0912456A,AgroParisTech,EPSCP,Public,,Ingénieur,,
3iL Ingénieurs,39770462800015,947,"CGE, CDEFI",0875012A;0870997L,3iL Ingénieurs,Association loi 1901 # EESPIG,Privé,3iL Ingénieurs,Ingénieur,,
INSA de Toulouse ,1931015240018,2,FU,,,,,,,,
Universite Nouvelle Caledonie ,13000322100012,52,FU,,,,,,,,
Ecole Normale Supérieure de Lyon,13000812100019,87,FU,,,,,,,,
Aix Marseille Université,13001533200013,56,FU,,,,,,,,
CURF de Mayotte,13001631400010,41,FU,,,,,,,,
Campus Condorcet,13001637100036,108,FU,,,,,,,,
Université de Bordeaux,13001835100010,101,FU,,,,,,,,
Ecole Normale Supérieure de Rennes,13001848400019,102,FU,,,,,,,,
Universite de Guyane,13002059700014,40,FU,,,,,,,,
comUE d’universités et établissements de Toulouse ,13002132200016,93,FU,,,,,,,,
comUE Normandie Université,13002133000019,98,FU,,,,,,,,
comUE Universite de Lyon,13002136300010,92,FU,,,,,,,,
comUE Hesam,13002144700011,96,FU,,,,,,,,
IPP,13002562000019,110,FU,,,,,,,,
"Univ Polytechnique
  Hauts-de-France",13002574500014,23,FU,,,,,,,,
Universite Paris Saclay ,13002602400054,51,FU,,,,,,,,
Université Grenoble Alpes,13002608100013,104,FU,,,,,,,,
Université Gustave Eiffel ,13002612300013,84,FU,,,,,,,,
Universite Paris Sciences Lettres  PSL ,13002614900018,99,FU,,,,,,,,
Université Clermont Auvergne ,13002806100013,91,FU,,,,,,,,
comUE Universite Paris Est,13002807900015,94,FU,,,,,,,,
Universite de Nantes ,13002974700016,53,FU,,,,,,,,
Universite de Lille  ,13002975400012,4,FU,,,,,,,,
Universite de Montpellier ,13002979600013,37,FU,,,,,,,,
Universite Panthéon-Assas Paris2,13002995200012,28,FU,,,,,,,,
Universite Rennes 1,13003051300019,85,FU,,,,,,,,
Universite de Toulouse  Capitole,13003061200019,16,FU,,,,,,,,
Ecole française d'Extreme Orient,18004411700018,111,FU,,,,,,,,
Museum National histoire Naturelle,18004417400019,50,FU,,,,,,,,
Universite de la Rochelle ,19170032700015,61,FU,,,,,,,,
Universite de Corse ,19202664900264,26,FU,,,,,,,,
Universite de Bretagne Occidentale ,19290346600014,78,FU,,,,,,,,
Universite de Toulouse 2 Jean-Jaurès (le Mirail),19311383400017,70,FU,,,,,,,,
Universite Michel de Montaigne Bordeaux,19331766600017,68,FU,,,,,,,,
Universite Rennes 2,19350937900015,14,FU,,,,,,,,
Universite d' Orléans ,19450855200016,48,FU,,,,,,,,
Universite d'Angers,19490970100303,79,FU,,,,,,,,
Universite de Reims Champagne Ardenne,19511296600799,7,FU,,,,,,,,
Universite de Bretagne Sud ,19561718800600,13,FU,,,,,,,,
Universite d'Artois ,19624401600016,19,FU,,,,,,,,
Universite Lumière Lyon 2,19691775100014,60,FU,,,,,,,,
Universite Jean Moulin Lyon 3,19692437700282,63,FU,,,,,,,,
Le Mans Université (Maine),19720916600010,76,FU,,,,,,,,
Universite Savoie Mont Blanc ,19730858800015,73,FU,,,,,,,,
Universite Paris1 Panthéon Sorbonne,19751717000019,45,FU,,,,,,,,
Universite Sorbonne Nouvelle Paris 3,19751719600014,83,FU,,,,,,,,
Institut Physique du Globe,19753428200078,42,FU,,,,,,,,
ENSAM (Arts et Metiers Paris Tech),19753472000010,59,FU,,,,,,,,
Ecole Nationale des Chartes,19753478700043,29,FU,,,,,,,,
Collège de France,19753480300014,89,FU,,,,,,,,
Ecole Pratique des Hautes Etudes,19753486000105,31,FU,,,,,,,,
INALCO,19753488600092,34,FU,,,,,,,,
Observatoire de Paris,19753496900013,6,FU,,,,,,,,
Ecole H.E.S.S,19753742600011,21,FU,,,,,,,,
Institut national d'histoire de l'art ,19754688000018,107,FU,,,,,,,,
Universite de Rouen Normandie,19761904200017,43,FU,,,,,,,,
Universite de Picardie Jules Verne,19801344300017,55,FU,,,,,,,,
Universite du Sud Toulon Var ,19830766200017,66,FU,,,,,,,,
Universite d'Avignon,19840685200204,17,FU,,,,,,,,
Universite de Limoges ,19870669900321,30,FU,,,,,,,,
Universite d'Evry Val-d'Essonne ,19911975100014,38,FU,,,,,,,,
Universite Paris Nanterre,19921204400010,22,FU,,,,,,,,
Universite Sorbonne Paris Nord ,19931238000017,74,FU,,,,,,,,
Universite Paris 8,19931827000014,71,FU,,,,,,,,
UPEC Val de Marne,19941111700013,36,FU,,,,,,,,
Universite des Antilles,19971585500011,80,FU,,,,,,,,
Universite de La Reunion ,19974478000016,39,FU,,,,,,,,
Universite de Polynesie Française ,19987001500013,32,FU,,,,,,,,
Universite de Montpellier 3 ,93249089900014,58,FU,,,,,,,,
Universite de Nîmes ,93249157400012,25,FU,,,,,,,,
Universite Marie et Louis Pasteur,93810656400017,3,FU,,,,,,,,
Universite de Bourgogne Europe,93823061200013,47,FU,,,,,,,,
Universtié Toulouse,93827139200012,86,FU,,,,,,,,
Universite Jean Monnet ,93850168100010,10,FU,,,,,,,,
